id,fullname,job,gender,city,salary,birthday
1,Henri Lumley,Office Assistant II,Male,Yangyu,278958,4/5/2024
2,Terry Fahey,Chemical Engineer,Agender,Auna,880542,10/6/2024
3,Annice McCandie,Executive Secretary,Female,Semanding Barat,700307,8/9/2024
4,Freddie Iacovone,VP Sales,Male,Falënki,762650,7/4/2024
5,Smith Ibbett,Tax Accountant,Genderfluid,Florida,630832,11/30/2024
6,Phoebe Silley,Database Administrator III,Female,Losino-Petrovskiy,213126,12/30/2024
7,Beauregard Cavalier,Programmer IV,Male,Tarfaya,648167,3/21/2024
8,Genovera Bruyett,Help Desk Operator,Female,Sentani,449412,11/10/2024
9,Joceline Capnerhurst,Database Administrator I,Female,Arendal,449428,5/4/2024
10,Horatia Czyz,Systems Administrator II,Female,San Buenaventura,19525,3/30/2024
11,Maxi Witherden,Nuclear Power Engineer,Female,Vila Nova de Santo André,413460,4/20/2024
12,Aldis Lutwidge,Senior Financial Analyst,Male,Patao,931451,5/11/2024
13,Christian Impey,Data Coordinator,Female,Mieszkowice,424528,7/23/2024
14,Sarena Balffye,Project Manager,Female,Santa Rosa,683242,5/18/2024
15,Eleonora Oliffe,Account Executive,Female,Quilmes,322944,6/9/2024
16,Jackie Ringsell,Assistant Manager,Female,Soca,984904,8/12/2024
17,Kim Normanville,Office Assistant IV,Male,Mabuttal East,167985,11/23/2024
18,Filberte Ramelot,Financial Advisor,Male,Huddinge,526172,5/1/2024
19,Georgeanne Vollam,Software Consultant,Female,Wiyayu Barat,234625,10/17/2024
20,Shoshanna Lyes,Office Assistant I,Female,Cirahab,11858,2/17/2025
21,Vlad Habard,Professor,Genderqueer,Baturinggit Kaja,339033,4/28/2024
22,Annamaria Berka,Data Coordinator,Female,Hongwŏn,333288,5/28/2024
23,Mart Springle,Environmental Tech,Male,Micoud,755056,5/1/2024
24,Fawnia Strete,Dental Hygienist,Female,Limbi,454952,5/23/2024
25,Elvina Matchett,Payment Adjustment Coordinator,Female,Wanareja,830233,6/19/2024
26,Ryley Leighfield,Professor,Male,Haikoudajie,649798,1/13/2025
27,Cicily Emloch,Software Test Engineer IV,Genderqueer,Chandra,132075,6/12/2024
28,Floria Saiger,Research Associate,Female,Jiachuan,291742,12/22/2024
29,Justis McPhail,Editor,Male,Garanhuns,100665,9/11/2024
30,Dur Bazell,Quality Engineer,Non-binary,Yangjiapo,782321,7/17/2024
31,Normy Colleck,Senior Editor,Male,San Juan de Manapiare,192887,7/30/2024
32,Mathe Esslement,Mechanical Systems Engineer,Genderqueer,São Martinho do Campo,913036,9/13/2024
33,Magda Turfs,Dental Hygienist,Female,Inhambane,23201,10/25/2024
34,Loleta Maharg,Tax Accountant,Female,Pevek,395995,3/25/2024
35,Heida Brothwood,Computer Systems Analyst III,Female,Caraga,537051,6/26/2024
36,Emilio Powley,Accounting Assistant III,Male,Hengduo,783914,12/26/2024
37,Aloin Pizey,Tax Accountant,Male,Shitouhe,836836,4/20/2024
38,Alan Mogey,Financial Analyst,Male,Sychëvo,150704,11/22/2024
39,Carrol Chidler,Nurse Practicioner,Male,Hatavch,370081,11/30/2024
40,Casar Holmyard,Financial Advisor,Male,Nizhniy Novgorod,503077,12/17/2024
41,Zedekiah Taffs,Administrative Officer,Bigender,Sanhui,837625,10/17/2024
42,Cary Juan,VP Product Management,Female,Oslo,93528,5/12/2024
43,Norton Castilla,Assistant Manager,Male,Bergville,459671,4/10/2024
44,Pippa Geydon,Product Engineer,Female,Vinhas,368936,7/30/2024
45,Tod Brogi,Account Executive,Male,Tam Kỳ,834725,5/18/2024
46,Ruttger Peeters,Geological Engineer,Non-binary,Port Sudan,591613,5/22/2024
47,Nicholas Kimmerling,Librarian,Male,Mawlamyine,693171,6/2/2024
48,Denise Luc,Actuary,Agender,Yarīm,201025,6/18/2024
49,Valma Viner,Environmental Specialist,Female,Dome,848881,8/23/2024
50,Catlaina Bilbrooke,Assistant Manager,Female,Rokycany,498448,7/12/2024
